"Time_Iter","Outer_Iter","Inner_Iter",    "rms[Rho]"    ,    "rms[RhoU]"   ,    "rms[RhoV]"   ,    "rms[RhoW]"   ,    "rms[RhoE]"   
          0,           0,           0,      -21.35617252,      -18.23171953,      -17.42670906,      -17.29083033,      -15.87240925
          0,           0,           1,      -21.28120138,       -18.2383627,      -17.43027509,      -17.29532084,      -15.79611961
          0,           0,           2,      -21.24512168,      -18.24400634,      -17.43265064,      -17.30060366,      -15.76747788
          0,           0,           3,      -21.15932788,      -18.24816448,      -17.43626991,      -17.30547469,      -15.67771099
          0,           0,           4,      -21.09639078,      -18.25096512,      -17.43996931,      -17.31000939,      -15.61550319
          0,           0,           5,      -21.06186919,      -18.25518889,      -17.44420899,      -17.31465293,      -15.57925204
